{
  "resource_group_name": "gch-rg-eus-prod-digital-mars-01",
  "location": "eastus",
  "nic_name": "GCHPWEUSAZMRS02-nic",
  "win_vm_name": "GCHPWEUSAZMRS02",
  "admin_username": "testuse",
  "admin_password": "123#",
  "disk_name": "GCHPWEUSAZMRS02-disk",
  "datadisk_count": 1,
  "nsg_name": "GCHPWEUSAZMRS02-nsg",
  "resource_group_name_vnet": "gch-rg-eus-prod-digital-core-network",
  "existing_vnet_name": "gch-eus-prod-digital",
  "existing_private_subnet_name": "gch-snet-eus-prod-digital-mgmt-private-03",
  "existing_vm_private_subnet_name" : "gch-snet-eus-prod-digital-mgmt-private-02",
  "linux_nsg_name": "GCHPLEUSAZMRS02-nsg",
  "linux_nic_name": "GCHPLEUSAZMRS02-nic",
  "linux_vm_name": "GCHPLEUSAZMRS02",
  "linux_admin_username": "linux_adminuser",
  "linux_admin_password": "linux_ComplexPassword123!",
  "linux_disk_name": "GCHPLEUSAZMRS02-datadisk",
  "linux_datadisk_count": 1,
  "blob_storage_name": "gchstoreuspdigitalmars01",
  "key_vault_name": "gchakveuspdigitalmars01",
  "tenant_id": "958a7efb-f2a7-4ea2-80ee-85fc8ed01be7",
  "redis_name": "gch-redis-eus-prod-digital-mars-01",
  "existing_db_subnet_name": "gch-snet-eus-prod-digital-mgmt-db-01",
  "container_registry_name": "gchcreuspdigitalmars01",
  "cognitive_account_name": "gch-cons-eus-prod-digital-mars-01",
  "document_intelligence_name": "gch-form-eus-prod-digital-mars-01",
  "language_account_name": "gch-ls-eus-prod-digital-mars-01",
  "servicebus_name": "gch-sbns-eus-prod-digital-mars-01",
  "app_service_name": {
      "gch-wap-eus-prod-digital-mars-01" : "gch-ain-eus-prod-digital-mars-01",
      "gch-wap-eus-prod-digital-mars-02" : "gch-ain-eus-prod-digital-mars-02",
      "gch-wap-eus-prod-digital-mars-03" : "gch-ain-eus-prod-digital-mars-03"
  },
  "selected_web_apps_front_end": [
      "gch-wap-eus-prod-digital-mars-01"
    ],
    "selected_web_apps_backed_end": [
      "gch-wap-eus-prod-digital-mars-02"
  ],
  "service_plan_name": "gch-asp-eus-prod-digital-mars-02",
  "existing_delegated_subnet_name": "gch-snet-eus-prod-digital-mgmt-wap-integration-05",
  "function_app_service_plan_name": "gch-asp-eus-prod-digital-mars-01",
  "function_app_name": "gch-fap-eus-prod-digital-mars-01",
  "function_storage_acc_name": "gchfapstoeusproddigmars1",
  "existing_delegated_subnet_function_app_name": "gch-snet-eus-prod-digital-mgmt-fap-integration-02",
  "privatesubnet_03": "gch-snet-eus-prod-digital-mgmt-private-02",
  "search_service_name": "gch-srch-eus-prod-digital-mars-01",
  "app_insights_name": [
      "gch-ain-eus-prod-digital-mars-04-Backend-data",
      "gch-ain-eus-prod-digital-mars-05-Ingestion-data"
  ],
  "webapp_insights_name": [
      "gch-ain-eus-prod-digital-mars-01",
      "gch-ain-eus-prod-digital-mars-02",
      "gch-ain-eus-prod-digital-mars-03"
  ],
  "log_analytics_workspace_name": "gch-la-eus-prod-digital-mars-01",
  "postgresql_name": "gch-pgrsql-eus-prod-digital-mars-01",
  "postgresql_admin_login": "azureinfra",
  "postgresql_admin_password": "Q6H0jcGV7shRwiEaxcg_jk61",
  "postgresql_version": "16",
  "postgresql_sku_name": "GP_Standard_D4ads_v5",
  "postgresql_storage_size_gb": 128,
  "postgresql_backup_retention_days": 7,
  "postgresqldb_name": "gch-dbpgrsql-eus-prod-digital-mars-01",
  "existing_postgresql_subnet_name": "gch-snet-eus-prod-digital-mgmt-db-02",
  "oai_resource_group_name": "gch-rg-eus-prod-digital-mars-oai-01",
  "oai_resource_name_south_central_us": "gch-openai-scu-prod-digital-mars-01",
  "oai_resource_name_north_central_us": "gch-openai-ncu-prod-digital-mars-02",
  "oai_resource_name_canada_east": "gch-openai-eca-prod-digital-mars-03",
  "oai_resource_name_sweden_central": "gch-openai-swc-prod-digital-mars-04",
  "oai_resource_name_australia_east": "gch-openai-aue-prod-digital-mars-05",
  "oai_resource_name_east_us": "gch-openai-eus-prod-digital-mars-06",
  "pvt_dns_rg_name": "gch-rg-eus-shared-private-dns-zone",
  "agw_pip_name": "gch-agw-eus-prod-digital-mars-01-pip",
  "agw_name": "gch-agw-eus-prod-digital-mars-01",
  "agw_key_vault": "/subscriptions/1b5e485a-8825-4549-9eaa-d87817d92fc2/resourceGroups/gch-rg-eus-prod-digital-mars-01/providers/Microsoft.KeyVault/vaults/gchakveuspmarsawg",
  "awg_waf_policy_name": "gchagwwafeuspdigitalmars01",
  "existing_public_subnet_name": "gch-snet-eus-prod-digital-mgmt-app-gw-01",
  "apim_name": "gch-apim-eus-prod-digital-mars-01",
  "apim_publisher_name": "Genpact",
  "apim_publisher_email": "genpactcloudsupport@genpact.com",
  "apim_subnet": "gch-snet-eus-prod-digital-api-mgmt-02",
  "apim_sku_detail": "Premium_1"
}